﻿YEAR,OFFICE,CONSTITUENCY,REGION,DISTRICT_CODE,REGISTERED_VOTERS,VOTES_CAST,VALID_VOTES,VOTES_REJECTED,NPP,PPP,PNC,NDC,DFP,DPP,CPP,RPD,NRP,UGM,UFP,URP,YPP,EGLE,GCPP,GFP,GNP,NVP,NDP,NCP,PCP,IPC,IPP,APC,UPP,IND1,IND2,IND3,IND4,NPP_C,PPP_C,PNC_C,NDC_C,DFP_C,DPP_C,CPP_C,RPD_C,NRP_C,UGM_C,UFP_C,URP_C,YPP_C,EGLE_C,GCPP_C,GFP_C,GNP_C,NVP_C,NDP_C,NCP_C,PCP_C,IPC_C,IPP_C,APC_C,UPP_C,IND1_C,IND2_C,IND3_C,IND4_C
2008_Re-election,Parliament,NoConstituency,Ashanti,,0,0,0,0,0,0,0,0,0,0,0,0,0,0,0,0,0,0,0,0,0,0,0,0,0,0,0,0,0,0,0,0,0,No candidate,No candidate,No candidate,No candidate,No candidate,No candidate,No candidate,No candidate,No candidate,No candidate,No candidate,No candidate,No candidate,No candidate,No candidate,No candidate,No candidate,No candidate,No candidate,No candidate,No candidate,No candidate,No candidate,No candidate,No candidate,No candidate,No candidate,No candidate,No candidate
2008_Re-election,Parliament,NoConstituency,Brong Ahafo,,0,0,0,0,0,0,0,0,0,0,0,0,0,0,0,0,0,0,0,0,0,0,0,0,0,0,0,0,0,0,0,0,0,,,,,,,,,,,,,,,,,,,,,,,,,,,,,
2008_Re-election,Parliament,NoConstituency,Central,,0,0,0,0,0,0,0,0,0,0,0,0,0,0,0,0,0,0,0,0,0,0,0,0,0,0,0,0,0,0,0,0,0,,,,,,,,,,,,,,,,,,,,,,,,,,,,,
2008_Re-election,Parliament,NoConstituency,Eastern,,0,0,0,0,0,0,0,0,0,0,0,0,0,0,0,0,0,0,0,0,0,0,0,0,0,0,0,0,0,0,0,0,0,,,,,,,,,,,,,,,,,,,,,,,,,,,,,
2008_Re-election,Parliament,NoConstituency,Greater Accra,,0,0,0,0,0,0,0,0,0,0,0,0,0,0,0,0,0,0,0,0,0,0,0,0,0,0,0,0,0,0,0,0,0,,,,,,,,,,,,,,,,,,,,,,,,,,,,,
2008_Re-election,Parliament,NoConstituency,Northern,,0,0,0,0,0,0,0,0,0,0,0,0,0,0,0,0,0,0,0,0,0,0,0,0,0,0,0,0,0,0,0,0,0,,,,,,,,,,,,,,,,,,,,,,,,,,,,,
2008_Re-election,Parliament,NoConstituency,Upper East,,0,0,0,0,0,0,0,0,0,0,0,0,0,0,0,0,0,0,0,0,0,0,0,0,0,0,0,0,0,0,0,0,0,,,,,,,,,,,,,,,,,,,,,,,,,,,,,
2008_Re-election,Parliament,NoConstituency,Upper West,,0,0,0,0,0,0,0,0,0,0,0,0,0,0,0,0,0,0,0,0,0,0,0,0,0,0,0,0,0,0,0,0,0,,,,,,,,,,,,,,,,,,,,,,,,,,,,,
2008_Re-election,Parliament,NoConstituency,Volta,,0,0,0,0,0,0,0,0,0,0,0,0,0,0,0,0,0,0,0,0,0,0,0,0,0,0,0,0,0,0,0,0,0,,,,,,,,,,,,,,,,,,,,,,,,,,,,,
2008_Re-election,Parliament,NoConstituency,Western,,0,0,0,0,0,0,0,0,0,0,0,0,0,0,0,0,0,0,0,0,0,0,0,0,0,0,0,0,0,0,0,0,0,,,,,,,,,,,,,,,,,,,,,,,,,,,,,
2008_Re-election,Presidential First Round,Adansi Asokwa,Ashanti,,,,"25,304",,"14,670",,,"10,634",,,,,,,,,,,,,,,,,,,,,,,,,,Nana A. Akuffo-Addo,,,John E. Atta-Mills,,,,,,,,,,,,,,,,,,,,,,,,,
2008_Re-election,Presidential First Round,Afigya-Sekyere South,Ashanti,,,,"37,167",,"31,171",,,"5,996",,,,,,,,,,,,,,,,,,,,,,,,,,Nana A. Akuffo-Addo,,,John E. Atta-Mills,,,,,,,,,,,,,,,,,,,,,,,,,
2008_Re-election,Presidential First Round,Afigya-Sekyere East,Ashanti,,,,"50,429",,"40,788",,,"9,641",,,,,,,,,,,,,,,,,,,,,,,,,,Nana A. Akuffo-Addo,,,John E. Atta-Mills,,,,,,,,,,,,,,,,,,,,,,,,,
2008_Re-election,Presidential First Round,Afigya-Sekyere West,Ashanti,,,,"20,716",,"15,697",,,"5,019",,,,,,,,,,,,,,,,,,,,,,,,,,Nana A. Akuffo-Addo,,,John E. Atta-Mills,,,,,,,,,,,,,,,,,,,,,,,,,
2008_Re-election,Presidential First Round,Ahafo Ano North,Ashanti,,,,"32,296",,"17,460",,,"14,836",,,,,,,,,,,,,,,,,,,,,,,,,,Nana A. Akuffo-Addo,,,John E. Atta-Mills,,,,,,,,,,,,,,,,,,,,,,,,,
2008_Re-election,Presidential First Round,Ahafo Ano South,Ashanti,,,,"41,605",,"25,214",,,"16,391",,,,,,,,,,,,,,,,,,,,,,,,,,Nana A. Akuffo-Addo,,,John E. Atta-Mills,,,,,,,,,,,,,,,,,,,,,,,,,
2008_Re-election,Presidential First Round,Akrofrom,Ashanti,,,,"14,989",,"9,635",,,"5,354",,,,,,,,,,,,,,,,,,,,,,,,,,Nana A. Akuffo-Addo,,,John E. Atta-Mills,,,,,,,,,,,,,,,,,,,,,,,,,
2008_Re-election,Presidential First Round,Amansie-West,Ashanti,,,,"54,540",,"46,757",,,"7,783",,,,,,,,,,,,,,,,,,,,,,,,,,Nana A. Akuffo-Addo,,,John E. Atta-Mills,,,,,,,,,,,,,,,,,,,,,,,,,
2008_Re-election,Presidential First Round,Asante Akim North,Ashanti,,,,"59,410",,"44,586",,,"14,824",,,,,,,,,,,,,,,,,,,,,,,,,,Nana A. Akuffo-Addo,,,John E. Atta-Mills,,,,,,,,,,,,,,,,,,,,,,,,,
2008_Re-election,Presidential First Round,Asante Akim South,Ashanti,,,,"42,366",,"28,455",,,"13,911",,,,,,,,,,,,,,,,,,,,,,,,,,Nana A. Akuffo-Addo,,,John E. Atta-Mills,,,,,,,,,,,,,,,,,,,,,,,,,
2008_Re-election,Presidential First Round,Asawase,Ashanti,,,,"66,592",,"28,235",,,"38,357",,,,,,,,,,,,,,,,,,,,,,,,,,Nana A. Akuffo-Addo,,,John E. Atta-Mills,,,,,,,,,,,,,,,,,,,,,,,,,
2008_Re-election,Presidential First Round,Asokwa,Ashanti,,,,"61,633",,"47,662",,,"13,971",,,,,,,,,,,,,,,,,,,,,,,,,,Nana A. Akuffo-Addo,,,John E. Atta-Mills,,,,,,,,,,,,,,,,,,,,,,,,,
2008_Re-election,Presidential First Round,Atwima Mponua,Ashanti,,,,"48,820",,"30,960",,,"17,860",,,,,,,,,,,,,,,,,,,,,,,,,,Nana A. Akuffo-Addo,,,John E. Atta-Mills,,,,,,,,,,,,,,,,,,,,,,,,,
2008_Re-election,Presidential First Round,Atwima Nwabiagya,Ashanti,,,,"79,786",,"63,272",,,"16,514",,,,,,,,,,,,,,,,,,,,,,,,,,Nana A. Akuffo-Addo,,,John E. Atta-Mills,,,,,,,,,,,,,,,,,,,,,,,,,
2008_Re-election,Presidential First Round,Atwima-Kwanwoma,Ashanti,,,,"45,711",,"39,147",,,"6,564",,,,,,,,,,,,,,,,,,,,,,,,,,Nana A. Akuffo-Addo,,,John E. Atta-Mills,,,,,,,,,,,,,,,,,,,,,,,,,
2008_Re-election,Presidential First Round,Bantama,Ashanti,,,,"45,711",,"39,147",,,"6,564",,,,,,,,,,,,,,,,,,,,,,,,,,Nana A. Akuffo-Addo,,,John E. Atta-Mills,,,,,,,,,,,,,,,,,,,,,,,,,
2008_Re-election,Presidential First Round,Bekwai,Ashanti,,,,"49,401",,"43,539",,,"5,862",,,,,,,,,,,,,,,,,,,,,,,,,,Nana A. Akuffo-Addo,,,John E. Atta-Mills,,,,,,,,,,,,,,,,,,,,,,,,,
2008_Re-election,Presidential First Round,Bosome-Freho,Ashanti,,,,"21,854",,"17,810",,,"4,044",,,,,,,,,,,,,,,,,,,,,,,,,,Nana A. Akuffo-Addo,,,John E. Atta-Mills,,,,,,,,,,,,,,,,,,,,,,,,,
2008_Re-election,Presidential First Round,Bosomtwe,Ashanti,,,,"38,286",,"31,105",,,"7,181",,,,,,,,,,,,,,,,,,,,,,,,,,Nana A. Akuffo-Addo,,,John E. Atta-Mills,,,,,,,,,,,,,,,,,,,,,,,,,
2008_Re-election,Presidential First Round,Effiduasi/Asokore,Ashanti,,,,"25,492",,"20,377",,,"5,115",,,,,,,,,,,,,,,,,,,,,,,,,,Nana A. Akuffo-Addo,,,John E. Atta-Mills,,,,,,,,,,,,,,,,,,,,,,,,,
2008_Re-election,Presidential First Round,Ejisu Juaben,Ashanti,,,,"78,722",,"65,187",,,"13,535",,,,,,,,,,,,,,,,,,,,,,,,,,Nana A. Akuffo-Addo,,,John E. Atta-Mills,,,,,,,,,,,,,,,,,,,,,,,,,
2008_Re-election,Presidential First Round,Ejura-Sekyedumase,Ashanti,,,,"39,916",,"18,224",,,"21,692",,,,,,,,,,,,,,,,,,,,,,,,,,Nana A. Akuffo-Addo,,,John E. Atta-Mills,,,,,,,,,,,,,,,,,,,,,,,,,
2008_Re-election,Presidential First Round,Fomena,Ashanti,,,,"17,579",,"13,583",,,"3,996",,,,,,,,,,,,,,,,,,,,,,,,,,Nana A. Akuffo-Addo,,,John E. Atta-Mills,,,,,,,,,,,,,,,,,,,,,,,,,
2008_Re-election,Presidential First Round,Kumawu,Ashanti,,,,"30,914",,"23,400",,,"7,514",,,,,,,,,,,,,,,,,,,,,,,,,,Nana A. Akuffo-Addo,,,John E. Atta-Mills,,,,,,,,,,,,,,,,,,,,,,,,,
2008_Re-election,Presidential First Round,Kwabre East,Ashanti,,,,"62,298",,"50,502",,,"11,796",,,,,,,,,,,,,,,,,,,,,,,,,,Nana A. Akuffo-Addo,,,John E. Atta-Mills,,,,,,,,,,,,,,,,,,,,,,,,,
2008_Re-election,Presidential First Round,Kwabre West,Ashanti,,,,"37,167",,"31,171",,,"5,996",,,,,,,,,,,,,,,,,,,,,,,,,,Nana A. Akuffo-Addo,,,John E. Atta-Mills,,,,,,,,,,,,,,,,,,,,,,,,,
2008_Re-election,Presidential First Round,Kwadaso,Ashanti,,,,"66,399",,"57,523",,,"8,876",,,,,,,,,,,,,,,,,,,,,,,,,,Nana A. Akuffo-Addo,,,John E. Atta-Mills,,,,,,,,,,,,,,,,,,,,,,,,,
2008_Re-election,Presidential First Round,Mampong,Ashanti,,,,"41,472",,"32,618",,,"8,854",,,,,,,,,,,,,,,,,,,,,,,,,,Nana A. Akuffo-Addo,,,John E. Atta-Mills,,,,,,,,,,,,,,,,,,,,,,,,,
2008_Re-election,Presidential First Round,Manhyia,Ashanti,,,,"108,383",,"88,176",,,"20,207",,,,,,,,,,,,,,,,,,,,,,,,,,Nana A. Akuffo-Addo,,,John E. Atta-Mills,,,,,,,,,,,,,,,,,,,,,,,,,
2008_Re-election,Presidential First Round,Manso Nkwanta,Ashanti,,,,"54,540",,"46,757",,,"7,783",,,,,,,,,,,,,,,,,,,,,,,,,,Nana A. Akuffo-Addo,,,John E. Atta-Mills,,,,,,,,,,,,,,,,,,,,,,,,,
2008_Re-election,Presidential First Round,New Edubiase,Ashanti,,,,"27,419",,"10,644",,,"16,775",,,,,,,,,,,,,,,,,,,,,,,,,,Nana A. Akuffo-Addo,,,John E. Atta-Mills,,,,,,,,,,,,,,,,,,,,,,,,,
2008_Re-election,Presidential First Round,Nhyiaeso,Ashanti,,,,"66,411",,"54,550",,,"11,861",,,,,,,,,,,,,,,,,,,,,,,,,,Nana A. Akuffo-Addo,,,John E. Atta-Mills,,,,,,,,,,,,,,,,,,,,,,,,,
2008_Re-election,Presidential First Round,Nsuta/Kwmang,Ashanti,,,,"28,976",,"21,425",,,"7,551",,,,,,,,,,,,,,,,,,,,,,,,,,Nana A. Akuffo-Addo,,,John E. Atta-Mills,,,,,,,,,,,,,,,,,,,,,,,,,
2008_Re-election,Presidential First Round,Obuasi,Ashanti,,,,"78,262",,"52,019",,,"26,243",,,,,,,,,,,,,,,,,,,,,,,,,,Nana A. Akuffo-Addo,,,John E. Atta-Mills,,,,,,,,,,,,,,,,,,,,,,,,,
2008_Re-election,Presidential First Round,Odotobri,Ashanti,,,,"30,509",,"26,896",,,"3,613",,,,,,,,,,,,,,,,,,,,,,,,,,Nana A. Akuffo-Addo,,,John E. Atta-Mills,,,,,,,,,,,,,,,,,,,,,,,,,
2008_Re-election,Presidential First Round,Offinso-North,Ashanti,,,,"29,236",,"17,431",,,"11,805",,,,,,,,,,,,,,,,,,,,,,,,,,Nana A. Akuffo-Addo,,,John E. Atta-Mills,,,,,,,,,,,,,,,,,,,,,,,,,
2008_Re-election,Presidential First Round,Offinso-South,Ashanti,,,,"41,804",,"29,538",,,"12,266",,,,,,,,,,,,,,,,,,,,,,,,,,Nana A. Akuffo-Addo,,,John E. Atta-Mills,,,,,,,,,,,,,,,,,,,,,,,,,
2008_Re-election,Presidential First Round,Oforikrom,Ashanti,,,,"70,978",,"45,866",,,"25,112",,,,,,,,,,,,,,,,,,,,,,,,,,Nana A. Akuffo-Addo,,,John E. Atta-Mills,,,,,,,,,,,,,,,,,,,,,,,,,
2008_Re-election,Presidential First Round,Old Tafo,Ashanti,,,,"52,873",,"39,456",,,"13,417",,,,,,,,,,,,,,,,,,,,,,,,,,Nana A. Akuffo-Addo,,,John E. Atta-Mills,,,,,,,,,,,,,,,,,,,,,,,,,
2008_Re-election,Presidential First Round,Suame,Ashanti,,,,"69,923",,"59,555",,,"10,368",,,,,,,,,,,,,,,,,,,,,,,,,,Nana A. Akuffo-Addo,,,John E. Atta-Mills,,,,,,,,,,,,,,,,,,,,,,,,,
2008_Re-election,Presidential First Round,Subin,Ashanti,,,,"68,947",,"51,216",,,"17,731",,,,,,,,,,,,,,,,,,,,,,,,,,Nana A. Akuffo-Addo,,,John E. Atta-Mills,,,,,,,,,,,,,,,,,,,,,,,,,
2008_Re-election,Presidential First Round,Asunafo North,Brong Ahafo,,,,"46,381",,"25,228",,,"21,153",,,,,,,,,,,,,,,,,,,,,,,,,,Nana A. Akuffo-Addo,,,John E. Atta-Mills,,,,,,,,,,,,,,,,,,,,,,,,,
2008_Re-election,Presidential First Round,Asunafo South,Brong Ahafo,,,,"32,648",,"16,394",,,"16,254",,,,,,,,,,,,,,,,,,,,,,,,,,Nana A. Akuffo-Addo,,,John E. Atta-Mills,,,,,,,,,,,,,,,,,,,,,,,,,
2008_Re-election,Presidential First Round,Asutifi North,Brong Ahafo,,,,"30,021",,"17,844",,,"12,177",,,,,,,,,,,,,,,,,,,,,,,,,,Nana A. Akuffo-Addo,,,John E. Atta-Mills,,,,,,,,,,,,,,,,,,,,,,,,,
2008_Re-election,Presidential First Round,Asutifi South,Brong Ahafo,,,,"21,569",,"10,379",,,"11,190",,,,,,,,,,,,,,,,,,,,,,,,,,Nana A. Akuffo-Addo,,,John E. Atta-Mills,,,,,,,,,,,,,,,,,,,,,,,,,
2008_Re-election,Presidential First Round,Atebubu/Amanting,Brong Ahafo,,,,"28,548",,"10,496",,,"18,052",,,,,,,,,,,,,,,,,,,,,,,,,,Nana A. Akuffo-Addo,,,John E. Atta-Mills,,,,,,,,,,,,,,,,,,,,,,,,,
2008_Re-election,Presidential First Round,Berekum,Brong Ahafo,,,,"48,322",,"26,314",,,"22,008",,,,,,,,,,,,,,,,,,,,,,,,,,Nana A. Akuffo-Addo,,,John E. Atta-Mills,,,,,,,,,,,,,,,,,,,,,,,,,
2008_Re-election,Presidential First Round,Dormaa East,Brong Ahafo,,,,"19,856",,"12,277",,,"7,579",,,,,,,,,,,,,,,,,,,,,,,,,,Nana A. Akuffo-Addo,,,John E. Atta-Mills,,,,,,,,,,,,,,,,,,,,,,,,,
2008_Re-election,Presidential First Round,Dormaa West,Brong Ahafo,,,,"48,626",,"25,307",,,"23,319",,,,,,,,,,,,,,,,,,,,,,,,,,Nana A. Akuffo-Addo,,,John E. Atta-Mills,,,,,,,,,,,,,,,,,,,,,,,,,
2008_Re-election,Presidential First Round,Jaman North,Brong Ahafo,,,,"22,732",,"8,614",,,"14,118",,,,,,,,,,,,,,,,,,,,,,,,,,Nana A. Akuffo-Addo,,,John E. Atta-Mills,,,,,,,,,,,,,,,,,,,,,,,,,
2008_Re-election,Presidential First Round,Jaman South,Brong Ahafo,,,,"31,218",,"18,123",,,"13,095",,,,,,,,,,,,,,,,,,,,,,,,,,Nana A. Akuffo-Addo,,,John E. Atta-Mills,,,,,,,,,,,,,,,,,,,,,,,,,
2008_Re-election,Presidential First Round,Kintampo North,Brong Ahafo,,,,"33,375",,"13,055",,,"20,320",,,,,,,,,,,,,,,,,,,,,,,,,,Nana A. Akuffo-Addo,,,John E. Atta-Mills,,,,,,,,,,,,,,,,,,,,,,,,,
2008_Re-election,Presidential First Round,Kintampo South,Brong Ahafo,,,,"24,350",,"10,575",,,"13,775",,,,,,,,,,,,,,,,,,,,,,,,,,Nana A. Akuffo-Addo,,,John E. Atta-Mills,,,,,,,,,,,,,,,,,,,,,,,,,
2008_Re-election,Presidential First Round,Nkoranza North,Brong Ahafo,,,,"18,414",,"9,543",,,"8,871",,,,,,,,,,,,,,,,,,,,,,,,,,Nana A. Akuffo-Addo,,,John E. Atta-Mills,,,,,,,,,,,,,,,,,,,,,,,,,
2008_Re-election,Presidential First Round,Nkoranza South,Brong Ahafo,,,,"34,577",,"16,299",,,"18,278",,,,,,,,,,,,,,,,,,,,,,,,,,Nana A. Akuffo-Addo,,,John E. Atta-Mills,,,,,,,,,,,,,,,,,,,,,,,,,
2008_Re-election,Presidential First Round,Pru,Brong Ahafo,,,,"35,199",,"10,951",,,"24,248",,,,,,,,,,,,,,,,,,,,,,,,,,Nana A. Akuffo-Addo,,,John E. Atta-Mills,,,,,,,,,,,,,,,,,,,,,,,,,
2008_Re-election,Presidential First Round,Sene,Brong Ahafo,,,,"28,808",,"8,007",,,"20,801",,,,,,,,,,,,,,,,,,,,,,,,,,Nana A. Akuffo-Addo,,,John E. Atta-Mills,,,,,,,,,,,,,,,,,,,,,,,,,
2008_Re-election,Presidential First Round,Sunyani East,Brong Ahafo,,,,"56,097",,"33,842",,,"22,255",,,,,,,,,,,,,,,,,,,,,,,,,,Nana A. Akuffo-Addo,,,John E. Atta-Mills,,,,,,,,,,,,,,,,,,,,,,,,,
2008_Re-election,Presidential First Round,Sunyani West,Brong Ahafo,,,,"39,357",,"22,367",,,"16,990",,,,,,,,,,,,,,,,,,,,,,,,,,Nana A. Akuffo-Addo,,,John E. Atta-Mills,,,,,,,,,,,,,,,,,,,,,,,,,
2008_Re-election,Presidential First Round,Tain,Brong Ahafo,,,,"21,601",,"2,035",,,"19,566",,,,,,,,,,,,,,,,,,,,,,,,,,Nana A. Akuffo-Addo,,,John E. Atta-Mills,,,,,,,,,,,,,,,,,,,,,,,,,
2008_Re-election,Presidential First Round,Tano North,Brong Ahafo,,,,"30,021",,"17,844",,,"12,177",,,,,,,,,,,,,,,,,,,,,,,,,,Nana A. Akuffo-Addo,,,John E. Atta-Mills,,,,,,,,,,,,,,,,,,,,,,,,,
2008_Re-election,Presidential First Round,Tano South,Brong Ahafo,,,,"29,797",,"16,883",,,"12,914",,,,,,,,,,,,,,,,,,,,,,,,,,Nana A. Akuffo-Addo,,,John E. Atta-Mills,,,,,,,,,,,,,,,,,,,,,,,,,
2008_Re-election,Presidential First Round,Techiman North,Brong Ahafo,,,,"26,518",,"13,420",,,"13,098",,,,,,,,,,,,,,,,,,,,,,,,,,Nana A. Akuffo-Addo,,,John E. Atta-Mills,,,,,,,,,,,,,,,,,,,,,,,,,
2008_Re-election,Presidential First Round,Techiman South,Brong Ahafo,,,,"58,224",,"25,950",,,"32,274",,,,,,,,,,,,,,,,,,,,,,,,,,Nana A. Akuffo-Addo,,,John E. Atta-Mills,,,,,,,,,,,,,,,,,,,,,,,,,
2008_Re-election,Presidential First Round,Wenchi,Brong Ahafo,,,,"34,848",,"18,476",,,"16,372",,,,,,,,,,,,,,,,,,,,,,,,,,Nana A. Akuffo-Addo,,,John E. Atta-Mills,,,,,,,,,,,,,,,,,,,,,,,,,
2008_Re-election,Presidential First Round,Abura/Kwamankese,Central,,,,"36,637",,"14,293",,,"22,344",,,,,,,,,,,,,,,,,,,,,,,,,,Nana A. Akuffo-Addo,,,John E. Atta-Mills,,,,,,,,,,,,,,,,,,,,,,,,,
2008_Re-election,Presidential First Round,Agona East,Central,,,,"30,560",,"14,702",,,"15,858",,,,,,,,,,,,,,,,,,,,,,,,,,Nana A. Akuffo-Addo,,,John E. Atta-Mills,,,,,,,,,,,,,,,,,,,,,,,,,
2008_Re-election,Presidential First Round,Agona West,Central,,,,"45,259",,"23,156",,,"22,103",,,,,,,,,,,,,,,,,,,,,,,,,,Nana A. Akuffo-Addo,,,John E. Atta-Mills,,,,,,,,,,,,,,,,,,,,,,,,,
2008_Re-election,Presidential First Round,Ajumako/Enyan/Esiam,Central,,,,"36,065",,"16,864",,,"19,201",,,,,,,,,,,,,,,,,,,,,,,,,,Nana A. Akuffo-Addo,,,John E. Atta-Mills,,,,,,,,,,,,,,,,,,,,,,,,,
2008_Re-election,Presidential First Round,Asikuma/Odoben/Brakwa,Central,,,,"36,799",,"18,629",,,"18,170",,,,,,,,,,,,,,,,,,,,,,,,,,Nana A. Akuffo-Addo,,,John E. Atta-Mills,,,,,,,,,,,,,,,,,,,,,,,,,
2008_Re-election,Presidential First Round,Assin North,Central,,,,"44,886",,"22,645",,,"22,241",,,,,,,,,,,,,,,,,,,,,,,,,,Nana A. Akuffo-Addo,,,John E. Atta-Mills,,,,,,,,,,,,,,,,,,,,,,,,,
2008_Re-election,Presidential First Round,Assin South,Central,,,,"32,941",,"18,735",,,"14,206",,,,,,,,,,,,,,,,,,,,,,,,,,Nana A. Akuffo-Addo,,,John E. Atta-Mills,,,,,,,,,,,,,,,,,,,,,,,,,
2008_Re-election,Presidential First Round,Awutu-Senya,Central,,,,"64,105",,"29,561",,,"34,544",,,,,,,,,,,,,,,,,,,,,,,,,,Nana A. Akuffo-Addo,,,John E. Atta-Mills,,,,,,,,,,,,,,,,,,,,,,,,,
2008_Re-election,Presidential First Round,Cape Coast,Central,,,,"71,438",,"31,521",,,"39,917",,,,,,,,,,,,,,,,,,,,,,,,,,Nana A. Akuffo-Addo,,,John E. Atta-Mills,,,,,,,,,,,,,,,,,,,,,,,,,
2008_Re-election,Presidential First Round,Effutu,Central,,,,"27,026",,"12,236",,,"14,790",,,,,,,,,,,,,,,,,,,,,,,,,,Nana A. Akuffo-Addo,,,John E. Atta-Mills,,,,,,,,,,,,,,,,,,,,,,,,,
2008_Re-election,Presidential First Round,Ekumfi,Central,,,,"17,563",,"4,716",,,"12,847",,,,,,,,,,,,,,,,,,,,,,,,,,Nana A. Akuffo-Addo,,,John E. Atta-Mills,,,,,,,,,,,,,,,,,,,,,,,,,
2008_Re-election,Presidential First Round,Gomoa East,Central,,,,"35,669",,"14,451",,,"21,218",,,,,,,,,,,,,,,,,,,,,,,,,,Nana A. Akuffo-Addo,,,John E. Atta-Mills,,,,,,,,,,,,,,,,,,,,,,,,,
2008_Re-election,Presidential First Round,Gomoa West,Central,,,,"33,972",,"13,685",,,"20,287",,,,,,,,,,,,,,,,,,,,,,,,,,Nana A. Akuffo-Addo,,,John E. Atta-Mills,,,,,,,,,,,,,,,,,,,,,,,,,
2008_Re-election,Presidential First Round,Hemang Lower Denkyira,Central,,,,"19,094",,"10,177",,,"8,917",,,,,,,,,,,,,,,,,,,,,,,,,,Nana A. Akuffo-Addo,,,John E. Atta-Mills,,,,,,,,,,,,,,,,,,,,,,,,,
2008_Re-election,Presidential First Round,Keea,Central,,,,"46,745",,"18,105",,,"28,640",,,,,,,,,,,,,,,,,,,,,,,,,,Nana A. Akuffo-Addo,,,John E. Atta-Mills,,,,,,,,,,,,,,,,,,,,,,,,,
2008_Re-election,Presidential First Round,Mfantseman East,Central,,,,"17,563",,"4,716",,,"12,847",,,,,,,,,,,,,,,,,,,,,,,,,,Nana A. Akuffo-Addo,,,John E. Atta-Mills,,,,,,,,,,,,,,,,,,,,,,,,,
2008_Re-election,Presidential First Round,Mfantseman West,Central,,,,"48,976",,"28,345",,,"20,631",,,,,,,,,,,,,,,,,,,,,,,,,,Nana A. Akuffo-Addo,,,John E. Atta-Mills,,,,,,,,,,,,,,,,,,,,,,,,,
2008_Re-election,Presidential First Round,Twifo/Ati Morkwaa,Central,,,,"28,333",,"11,285",,,"17,048",,,,,,,,,,,,,,,,,,,,,,,,,,Nana A. Akuffo-Addo,,,John E. Atta-Mills,,,,,,,,,,,,,,,,,,,,,,,,,
2008_Re-election,Presidential First Round,Upper Denkyira East,Central,,,,"30,336",,"19,172",,,"11,164",,,,,,,,,,,,,,,,,,,,,,,,,,Nana A. Akuffo-Addo,,,John E. Atta-Mills,,,,,,,,,,,,,,,,,,,,,,,,,
2008_Re-election,Presidential First Round,Upper Denkyira West,Central,,,,"18,025",,"10,890",,,"7,135",,,,,,,,,,,,,,,,,,,,,,,,,,Nana A. Akuffo-Addo,,,John E. Atta-Mills,,,,,,,,,,,,,,,,,,,,,,,,,
2008_Re-election,Presidential First Round,Abetifi,Eastern,,,,"25,505",,"17,585",,,"7,920",,,,,,,,,,,,,,,,,,,,,,,,,,Nana A. Akuffo-Addo,,,John E. Atta-Mills,,,,,,,,,,,,,,,,,,,,,,,,,
2008_Re-election,Presidential First Round,Abirem,Eastern,,,,"22,815",,"14,751",,,"8,064",,,,,,,,,,,,,,,,,,,,,,,,,,Nana A. Akuffo-Addo,,,John E. Atta-Mills,,,,,,,,,,,,,,,,,,,,,,,,,
2008_Re-election,Presidential First Round,Aburi/Nsawam,Eastern,,,,"55,865",,"31,045",,,"24,820",,,,,,,,,,,,,,,,,,,,,,,,,,Nana A. Akuffo-Addo,,,John E. Atta-Mills,,,,,,,,,,,,,,,,,,,,,,,,,
2008_Re-election,Presidential First Round,Afram Plains North,Eastern,,,,"22,602",,"3,748",,,"18,854",,,,,,,,,,,,,,,,,,,,,,,,,,Nana A. Akuffo-Addo,,,John E. Atta-Mills,,,,,,,,,,,,,,,,,,,,,,,,,
2008_Re-election,Presidential First Round,Afram Plains South,Eastern,,,,"19,675",,"5,641",,,"14,034",,,,,,,,,,,,,,,,,,,,,,,,,,Nana A. Akuffo-Addo,,,John E. Atta-Mills,,,,,,,,,,,,,,,,,,,,,,,,,
2008_Re-election,Presidential First Round,Akim Abuakwa North,Eastern,,,,"25,916",,"16,277",,,"9,639",,,,,,,,,,,,,,,,,,,,,,,,,,Nana A. Akuffo-Addo,,,John E. Atta-Mills,,,,,,,,,,,,,,,,,,,,,,,,,
2008_Re-election,Presidential First Round,Akim Abuakwa South,Eastern,,,,"36,148",,"29,157",,,"6,991",,,,,,,,,,,,,,,,,,,,,,,,,,Nana A. Akuffo-Addo,,,John E. Atta-Mills,,,,,,,,,,,,,,,,,,,,,,,,,
2008_Re-election,Presidential First Round,Akim Oda,Eastern,,,,"50,241",,"33,017",,,"17,224",,,,,,,,,,,,,,,,,,,,,,,,,,Nana A. Akuffo-Addo,,,John E. Atta-Mills,,,,,,,,,,,,,,,,,,,,,,,,,
2008_Re-election,Presidential First Round,Akim Swedru,Eastern,,,,"31,562",,"21,299",,,"10,263",,,,,,,,,,,,,,,,,,,,,,,,,,Nana A. Akuffo-Addo,,,John E. Atta-Mills,,,,,,,,,,,,,,,,,,,,,,,,,
2008_Re-election,Presidential First Round,Akropong,Eastern,,,,"35,072",,"22,883",,,"12,189",,,,,,,,,,,,,,,,,,,,,,,,,,Nana A. Akuffo-Addo,,,John E. Atta-Mills,,,,,,,,,,,,,,,,,,,,,,,,,
2008_Re-election,Presidential First Round,Akwatia,Eastern,,,,"35,568",,"19,398",,,"16,170",,,,,,,,,,,,,,,,,,,,,,,,,,Nana A. Akuffo-Addo,,,John E. Atta-Mills,,,,,,,,,,,,,,,,,,,,,,,,,
2008_Re-election,Presidential First Round,Asuogyaman,Eastern,,,,"33,944",,"15,302",,,"18,642",,,,,,,,,,,,,,,,,,,,,,,,,,Nana A. Akuffo-Addo,,,John E. Atta-Mills,,,,,,,,,,,,,,,,,,,,,,,,,
2008_Re-election,Presidential First Round,Atiwa,Eastern,,,,"37,589",,"29,748",,,"7,841",,,,,,,,,,,,,,,,,,,,,,,,,,Nana A. Akuffo-Addo,,,John E. Atta-Mills,,,,,,,,,,,,,,,,,,,,,,,,,
2008_Re-election,Presidential First Round,Ayensuono,Eastern,,,,"29,969",,"16,560",,,"13,409",,,,,,,,,,,,,,,,,,,,,,,,,,Nana A. Akuffo-Addo,,,John E. Atta-Mills,,,,,,,,,,,,,,,,,,,,,,,,,
2008_Re-election,Presidential First Round,Fanteakwa,Eastern,,,,"36,638",,"21,726",,,"14,912",,,,,,,,,,,,,,,,,,,,,,,,,,Nana A. Akuffo-Addo,,,John E. Atta-Mills,,,,,,,,,,,,,,,,,,,,,,,,,
2008_Re-election,Presidential First Round,Kade,Eastern,,,,"41,937",,"28,802",,,"13,135",,,,,,,,,,,,,,,,,,,,,,,,,,Nana A. Akuffo-Addo,,,John E. Atta-Mills,,,,,,,,,,,,,,,,,,,,,,,,,
2008_Re-election,Presidential First Round,Lower Manya,Eastern,,,,"33,690",,"10,375",,,"23,315",,,,,,,,,,,,,,,,,,,,,,,,,,Nana A. Akuffo-Addo,,,John E. Atta-Mills,,,,,,,,,,,,,,,,,,,,,,,,,
2008_Re-election,Presidential First Round,Lower West Akim,Eastern,,,,"37,558",,"21,784",,,"15,774",,,,,,,,,,,,,,,,,,,,,,,,,,Nana A. Akuffo-Addo,,,John E. Atta-Mills,,,,,,,,,,,,,,,,,,,,,,,,,
2008_Re-election,Presidential First Round,Mpraeso,Eastern,,,,"26,700",,"18,068",,,"8,632",,,,,,,,,,,,,,,,,,,,,,,,,,Nana A. Akuffo-Addo,,,John E. Atta-Mills,,,,,,,,,,,,,,,,,,,,,,,,,
2008_Re-election,Presidential First Round,New Juaben North,Eastern,,,,"24,995",,"17,399",,,"7,596",,,,,,,,,,,,,,,,,,,,,,,,,,Nana A. Akuffo-Addo,,,John E. Atta-Mills,,,,,,,,,,,,,,,,,,,,,,,,,
2008_Re-election,Presidential First Round,New Juaben South,Eastern,,,,"55,799",,"32,751",,,"23,048",,,,,,,,,,,,,,,,,,,,,,,,,,Nana A. Akuffo-Addo,,,John E. Atta-Mills,,,,,,,,,,,,,,,,,,,,,,,,,
2008_Re-election,Presidential First Round,Nkawkaw,Eastern,,,,"44,180",,"29,685",,,"14,495",,,,,,,,,,,,,,,,,,,,,,,,,,Nana A. Akuffo-Addo,,,John E. Atta-Mills,,,,,,,,,,,,,,,,,,,,,,,,,
2008_Re-election,Presidential First Round,Ofoase/Ayirebi,Eastern,,,,"28,497",,"18,077",,,"10,420",,,,,,,,,,,,,,,,,,,,,,,,,,Nana A. Akuffo-Addo,,,John E. Atta-Mills,,,,,,,,,,,,,,,,,,,,,,,,,
2008_Re-election,Presidential First Round,Okere,Eastern,,,,"19,474",,"12,053",,,"7,421",,,,,,,,,,,,,,,,,,,,,,,,,,Nana A. Akuffo-Addo,,,John E. Atta-Mills,,,,,,,,,,,,,,,,,,,,,,,,,
2008_Re-election,Presidential First Round,Suhum,Eastern,,,,"39,042",,"21,736",,,"17,306",,,,,,,,,,,,,,,,,,,,,,,,,,Nana A. Akuffo-Addo,,,John E. Atta-Mills,,,,,,,,,,,,,,,,,,,,,,,,,
2008_Re-election,Presidential First Round,Upper Manya,Eastern,,,,"24,552",,"8,386",,,"16,166",,,,,,,,,,,,,,,,,,,,,,,,,,Nana A. Akuffo-Addo,,,John E. Atta-Mills,,,,,,,,,,,,,,,,,,,,,,,,,
2008_Re-election,Presidential First Round,Upper West Akim,Eastern,,,,"28,016",,"11,885",,,"16,131",,,,,,,,,,,,,,,,,,,,,,,,,,Nana A. Akuffo-Addo,,,John E. Atta-Mills,,,,,,,,,,,,,,,,,,,,,,,,,
2008_Re-election,Presidential First Round,Yilo Krobo,Eastern,,,,"35,204",,"10,337",,,"24,867",,,,,,,,,,,,,,,,,,,,,,,,,,Nana A. Akuffo-Addo,,,John E. Atta-Mills,,,,,,,,,,,,,,,,,,,,,,,,,
2008_Re-election,Presidential First Round,Ablekuma Central,Greater Accra,,,,"89,661",,"42,036",,,"47,625",,,,,,,,,,,,,,,,,,,,,,,,,,Nana A. Akuffo-Addo,,,John E. Atta-Mills,,,,,,,,,,,,,,,,,,,,,,,,,
2008_Re-election,Presidential First Round,Ablekuma North,Greater Accra,,,,"83,653",,"49,842",,,"33,811",,,,,,,,,,,,,,,,,,,,,,,,,,Nana A. Akuffo-Addo,,,John E. Atta-Mills,,,,,,,,,,,,,,,,,,,,,,,,,
2008_Re-election,Presidential First Round,Ablekuma South,Greater Accra,,,,"115,522",,"55,337",,,"60,185",,,,,,,,,,,,,,,,,,,,,,,,,,Nana A. Akuffo-Addo,,,John E. Atta-Mills,,,,,,,,,,,,,,,,,,,,,,,,,
2008_Re-election,Presidential First Round,Abokobi-Madina,Greater Accra,,,,"64,154",,"27,526",,,"36,628",,,,,,,,,,,,,,,,,,,,,,,,,,Nana A. Akuffo-Addo,,,John E. Atta-Mills,,,,,,,,,,,,,,,,,,,,,,,,,
2008_Re-election,Presidential First Round,Ada,Greater Accra,,,,"21,129",,"3,428",,,17701,,,,,,,,,,,,,,,,,,,,,,,,,,Nana A. Akuffo-Addo,,,John E. Atta-Mills,,,,,,,,,,,,,,,,,,,,,,,,,
2008_Re-election,Presidential First Round,Adenta,Greater Accra,,,,"40,352",,"17,914",,,"22,438",,,,,,,,,,,,,,,,,,,,,,,,,,Nana A. Akuffo-Addo,,,John E. Atta-Mills,,,,,,,,,,,,,,,,,,,,,,,,,
2008_Re-election,Presidential First Round,Ashaiman,Greater Accra,,,,"91,272",,"31,753",,,"59,519",,,,,,,,,,,,,,,,,,,,,,,,,,Nana A. Akuffo-Addo,,,John E. Atta-Mills,,,,,,,,,,,,,,,,,,,,,,,,,
2008_Re-election,Presidential First Round,Ayawaso Central,Greater Accra,,,,"66,510",,"33,231",,,"33,279",,,,,,,,,,,,,,,,,,,,,,,,,,Nana A. Akuffo-Addo,,,John E. Atta-Mills,,,,,,,,,,,,,,,,,,,,,,,,,
2008_Re-election,Presidential First Round,Ayawaso East,Greater Accra,,,,"80,575",,"28,634",,,"51,941",,,,,,,,,,,,,,,,,,,,,,,,,,Nana A. Akuffo-Addo,,,John E. Atta-Mills,,,,,,,,,,,,,,,,,,,,,,,,,
2008_Re-election,Presidential First Round,Ayawaso West-Wuogon,Greater Accra,,,,"52,650",,"25,535",,,"27,115",,,,,,,,,,,,,,,,,,,,,,,,,,Nana A. Akuffo-Addo,,,John E. Atta-Mills,,,,,,,,,,,,,,,,,,,,,,,,,
2008_Re-election,Presidential First Round,Dade Kotopon,Greater Accra,,,,"80,146",,"32,972",,,"47,174",,,,,,,,,,,,,,,,,,,,,,,,,,Nana A. Akuffo-Addo,,,John E. Atta-Mills,,,,,,,,,,,,,,,,,,,,,,,,,
2008_Re-election,Presidential First Round,Domeabra-Obom,Greater Accra,,,,"15,761",,"1,892",,,"13,869",,,,,,,,,,,,,,,,,,,,,,,,,,Nana A. Akuffo-Addo,,,John E. Atta-Mills,,,,,,,,,,,,,,,,,,,,,,,,,
2008_Re-election,Presidential First Round,Dome-Kwabenya,Greater Accra,,,,"64,500",,"38,619",,,"25,881",,,,,,,,,,,,,,,,,,,,,,,,,,Nana A. Akuffo-Addo,,,John E. Atta-Mills,,,,,,,,,,,,,,,,,,,,,,,,,
2008_Re-election,Presidential First Round,Klottey Korle,Greater Accra,,,,"62,463",,"29,233",,,"33,230",,,,,,,,,,,,,,,,,,,,,,,,,,Nana A. Akuffo-Addo,,,John E. Atta-Mills,,,,,,,,,,,,,,,,,,,,,,,,,
2008_Re-election,Presidential First Round,Kpone-Katamansu,Greater Accra,,,,"34,396",,"11,182",,,"23,214",,,,,,,,,,,,,,,,,,,,,,,,,,Nana A. Akuffo-Addo,,,John E. Atta-Mills,,,,,,,,,,,,,,,,,,,,,,,,,
2008_Re-election,Presidential First Round,Krowor,Greater Accra,,,,"54,036",,"24,115",,,"29,921",,,,,,,,,,,,,,,,,,,,,,,,,,Nana A. Akuffo-Addo,,,John E. Atta-Mills,,,,,,,,,,,,,,,,,,,,,,,,,
2008_Re-election,Presidential First Round,Ledzokuku,Greater Accra,,,,"76,336",,"31,684",,,"44,652",,,,,,,,,,,,,,,,,,,,,,,,,,Nana A. Akuffo-Addo,,,John E. Atta-Mills,,,,,,,,,,,,,,,,,,,,,,,,,
2008_Re-election,Presidential First Round,Ningo-Prampram,Greater Accra,,,,"26,331",,"4,343",,,"21,988",,,,,,,,,,,,,,,,,,,,,,,,,,Nana A. Akuffo-Addo,,,John E. Atta-Mills,,,,,,,,,,,,,,,,,,,,,,,,,
2008_Re-election,Presidential First Round,Odododiodoo,Greater Accra,,,,"63,403",,"25,989",,,"37,414",,,,,,,,,,,,,,,,,,,,,,,,,,Nana A. Akuffo-Addo,,,John E. Atta-Mills,,,,,,,,,,,,,,,,,,,,,,,,,
2008_Re-election,Presidential First Round,Okaikoi North,Greater Accra,,,,"94,355",,"48,030",,,"46,325",,,,,,,,,,,,,,,,,,,,,,,,,,Nana A. Akuffo-Addo,,,John E. Atta-Mills,,,,,,,,,,,,,,,,,,,,,,,,,
2008_Re-election,Presidential First Round,Okaikoi South,Greater Accra,,,,"67,935",,"37,679",,,"30,256",,,,,,,,,,,,,,,,,,,,,,,,,,Nana A. Akuffo-Addo,,,John E. Atta-Mills,,,,,,,,,,,,,,,,,,,,,,,,,
2008_Re-election,Presidential First Round,Sege,Greater Accra,,,,"18,756",,"3,585",,,"15,171",,,,,,,,,,,,,,,,,,,,,,,,,,Nana A. Akuffo-Addo,,,John E. Atta-Mills,,,,,,,,,,,,,,,,,,,,,,,,,
2008_Re-election,Presidential First Round,Shai Osudoku,Greater Accra,,,,"22,479",,"5,536",,,"16,943",,,,,,,,,,,,,,,,,,,,,,,,,,Nana A. Akuffo-Addo,,,John E. Atta-Mills,,,,,,,,,,,,,,,,,,,,,,,,,
2008_Re-election,Presidential First Round,Tema East,Greater Accra,,,,"84,957",,"45,285",,,"39,672",,,,,,,,,,,,,,,,,,,,,,,,,,Nana A. Akuffo-Addo,,,John E. Atta-Mills,,,,,,,,,,,,,,,,,,,,,,,,,
2008_Re-election,Presidential First Round,Tema West,Greater Accra,,,,"74,597",,"39,836",,,"34,761",,,,,,,,,,,,,,,,,,,,,,,,,,Nana A. Akuffo-Addo,,,John E. Atta-Mills,,,,,,,,,,,,,,,,,,,,,,,,,
2008_Re-election,Presidential First Round,Trobu-Amasaman,Greater Accra,,,,"76,349",,"35,175",,,"41,174",,,,,,,,,,,,,,,,,,,,,,,,,,Nana A. Akuffo-Addo,,,John E. Atta-Mills,,,,,,,,,,,,,,,,,,,,,,,,,
2008_Re-election,Presidential First Round,Weija,Greater Accra,,,,"126,862",,"66,150",,,"60,712",,,,,,,,,,,,,,,,,,,,,,,,,,Nana A. Akuffo-Addo,,,John E. Atta-Mills,,,,,,,,,,,,,,,,,,,,,,,,,
2008_Re-election,Presidential First Round,Bimbila,Northern,,,,"40,435",,"24,102",,,"16,333",,,,,,,,,,,,,,,,,,,,,,,,,,Nana A. Akuffo-Addo,,,John E. Atta-Mills,,,,,,,,,,,,,,,,,,,,,,,,,
2008_Re-election,Presidential First Round,Bole,Northern,,,,"17,941",,"12,962",,,"4,979",,,,,,,,,,,,,,,,,,,,,,,,,,Nana A. Akuffo-Addo,,,John E. Atta-Mills,,,,,,,,,,,,,,,,,,,,,,,,,
2008_Re-election,Presidential First Round,Bunkpurugu,Northern,,,,"32,187",,"7,724",,,"24,463",,,,,,,,,,,,,,,,,,,,,,,,,,Nana A. Akuffo-Addo,,,John E. Atta-Mills,,,,,,,,,,,,,,,,,,,,,,,,,
2008_Re-election,Presidential First Round,Chereponi,Northern,,,,"16,925",,"9,647",,,"7,278",,,,,,,,,,,,,,,,,,,,,,,,,,Nana A. Akuffo-Addo,,,John E. Atta-Mills,,,,,,,,,,,,,,,,,,,,,,,,,
2008_Re-election,Presidential First Round,Damongo/Daboya,Northern,,,,"25,666",,"10,647",,,"15,019",,,,,,,,,,,,,,,,,,,,,,,,,,Nana A. Akuffo-Addo,,,John E. Atta-Mills,,,,,,,,,,,,,,,,,,,,,,,,,
2008_Re-election,Presidential First Round,Gusheiegu,Northern,,,,"29,460",,"13,852",,,"15,608",,,,,,,,,,,,,,,,,,,,,,,,,,Nana A. Akuffo-Addo,,,John E. Atta-Mills,,,,,,,,,,,,,,,,,,,,,,,,,
2008_Re-election,Presidential First Round,Karaga,Northern,,,,"23,345",,"8,952",,,"14,393",,,,,,,,,,,,,,,,,,,,,,,,,,Nana A. Akuffo-Addo,,,John E. Atta-Mills,,,,,,,,,,,,,,,,,,,,,,,,,
2008_Re-election,Presidential First Round,Kpandai,Northern,,,,"27,874",,"10,893",,,"16,981",,,,,,,,,,,,,,,,,,,,,,,,,,Nana A. Akuffo-Addo,,,John E. Atta-Mills,,,,,,,,,,,,,,,,,,,,,,,,,
2008_Re-election,Presidential First Round,Kumbungu,Northern,,,,"29,178",,"5,394",,,"23,784",,,,,,,,,,,,,,,,,,,,,,,,,,Nana A. Akuffo-Addo,,,John E. Atta-Mills,,,,,,,,,,,,,,,,,,,,,,,,,
2008_Re-election,Presidential First Round,Mion,Northern,,,,"29,538",,"12,586",,,"16,952",,,,,,,,,,,,,,,,,,,,,,,,,,Nana A. Akuffo-Addo,,,John E. Atta-Mills,,,,,,,,,,,,,,,,,,,,,,,,,
2008_Re-election,Presidential First Round,Nalerigu-Gambaga,Northern,,,,"34,122",,"11,479",,,"22,643",,,,,,,,,,,,,,,,,,,,,,,,,,Nana A. Akuffo-Addo,,,John E. Atta-Mills,,,,,,,,,,,,,,,,,,,,,,,,,
2008_Re-election,Presidential First Round,Nanton,Northern,,,,"15,387",,"7,337",,,"8,050",,,,,,,,,,,,,,,,,,,,,,,,,,Nana A. Akuffo-Addo,,,John E. Atta-Mills,,,,,,,,,,,,,,,,,,,,,,,,,
2008_Re-election,Presidential First Round,Saboba,Northern,,,,"20,380",,"8,942",,,"11,438",,,,,,,,,,,,,,,,,,,,,,,,,,Nana A. Akuffo-Addo,,,John E. Atta-Mills,,,,,,,,,,,,,,,,,,,,,,,,,
2008_Re-election,Presidential First Round,Salaga,Northern,,,,"37,259",,"16,516",,,"20,743",,,,,,,,,,,,,,,,,,,,,,,,,,Nana A. Akuffo-Addo,,,John E. Atta-Mills,,,,,,,,,,,,,,,,,,,,,,,,,
2008_Re-election,Presidential First Round,Salwa-Tuna-Kalba,Northern,,,,"21,004",,"6,164",,,"14,840",,,,,,,,,,,,,,,,,,,,,,,,,,Nana A. Akuffo-Addo,,,John E. Atta-Mills,,,,,,,,,,,,,,,,,,,,,,,,,
2008_Re-election,Presidential First Round,Savelugu,Northern,,,,"30,689",,"10,404",,,"20,285",,,,,,,,,,,,,,,,,,,,,,,,,,Nana A. Akuffo-Addo,,,John E. Atta-Mills,,,,,,,,,,,,,,,,,,,,,,,,,
2008_Re-election,Presidential First Round,Tamale Central,Northern,,,,"67,446",,"22,190",,,"45,256",,,,,,,,,,,,,,,,,,,,,,,,,,Nana A. Akuffo-Addo,,,John E. Atta-Mills,,,,,,,,,,,,,,,,,,,,,,,,,
2008_Re-election,Presidential First Round,Tamale North,Northern,,,,"58,648",,"10,919",,,"47,729",,,,,,,,,,,,,,,,,,,,,,,,,,Nana A. Akuffo-Addo,,,John E. Atta-Mills,,,,,,,,,,,,,,,,,,,,,,,,,
2008_Re-election,Presidential First Round,Tamale South,Northern,,,,"61,669",,"12,958",,,"48,711",,,,,,,,,,,,,,,,,,,,,,,,,,Nana A. Akuffo-Addo,,,John E. Atta-Mills,,,,,,,,,,,,,,,,,,,,,,,,,
2008_Re-election,Presidential First Round,Tolon,Northern,,,,"36,079",,"17,477",,,"18,602",,,,,,,,,,,,,,,,,,,,,,,,,,Nana A. Akuffo-Addo,,,John E. Atta-Mills,,,,,,,,,,,,,,,,,,,,,,,,,
2008_Re-election,Presidential First Round,Walewale,Northern,,,,"34,226",,"15,144",,,"19,082",,,,,,,,,,,,,,,,,,,,,,,,,,Nana A. Akuffo-Addo,,,John E. Atta-Mills,,,,,,,,,,,,,,,,,,,,,,,,,
2008_Re-election,Presidential First Round,Wulensi,Northern,,,,"25,736",,"13,925",,,"11,811",,,,,,,,,,,,,,,,,,,,,,,,,,Nana A. Akuffo-Addo,,,John E. Atta-Mills,,,,,,,,,,,,,,,,,,,,,,,,,
2008_Re-election,Presidential First Round,Yagaba/Kubori,Northern,,,,"11,005",,"4,706",,,"6,299",,,,,,,,,,,,,,,,,,,,,,,,,,Nana A. Akuffo-Addo,,,John E. Atta-Mills,,,,,,,,,,,,,,,,,,,,,,,,,
2008_Re-election,Presidential First Round,Yapei/Kusawgu,Northern,,,,"25,946",,"11,129",,,"14,817",,,,,,,,,,,,,,,,,,,,,,,,,,Nana A. Akuffo-Addo,,,John E. Atta-Mills,,,,,,,,,,,,,,,,,,,,,,,,,
2008_Re-election,Presidential First Round,Yendi,Northern,,,,"30,761",,"16,903",,,"13,858",,,,,,,,,,,,,,,,,,,,,,,,,,Nana A. Akuffo-Addo,,,John E. Atta-Mills,,,,,,,,,,,,,,,,,,,,,,,,,
2008_Re-election,Presidential First Round,Zabzugu/Tatale,Northern,,,,"31,836",,"17,812",,,"14,024",,,,,,,,,,,,,,,,,,,,,,,,,,Nana A. Akuffo-Addo,,,John E. Atta-Mills,,,,,,,,,,,,,,,,,,,,,,,,,
2008_Re-election,Presidential First Round,Bawku Central,Upper East,,,,"42,340",,"18,540",,,"23,800",,,,,,,,,,,,,,,,,,,,,,,,,,Nana A. Akuffo-Addo,,,John E. Atta-Mills,,,,,,,,,,,,,,,,,,,,,,,,,
2008_Re-election,Presidential First Round,Binduri,Upper East,,,,"18,588",,"5,449",,,"13,139",,,,,,,,,,,,,,,,,,,,,,,,,,Nana A. Akuffo-Addo,,,John E. Atta-Mills,,,,,,,,,,,,,,,,,,,,,,,,,
2008_Re-election,Presidential First Round,Bolgatanga,Upper East,,,,"51,244",,"15,498",,,"35,746",,,,,,,,,,,,,,,,,,,,,,,,,,Nana A. Akuffo-Addo,,,John E. Atta-Mills,,,,,,,,,,,,,,,,,,,,,,,,,
2008_Re-election,Presidential First Round,Bongo,Upper East,,,,"29,323",,"10,047",,,"19,276",,,,,,,,,,,,,,,,,,,,,,,,,,Nana A. Akuffo-Addo,,,John E. Atta-Mills,,,,,,,,,,,,,,,,,,,,,,,,,
2008_Re-election,Presidential First Round,Builsa North,Upper East,,,,"18,671",,"5,863",,,"12,808",,,,,,,,,,,,,,,,,,,,,,,,,,Nana A. Akuffo-Addo,,,John E. Atta-Mills,,,,,,,,,,,,,,,,,,,,,,,,,
2008_Re-election,Presidential First Round,Builsa South,Upper East,,,,"10,036",,"2,607",,,"7,429",,,,,,,,,,,,,,,,,,,,,,,,,,Nana A. Akuffo-Addo,,,John E. Atta-Mills,,,,,,,,,,,,,,,,,,,,,,,,,
2008_Re-election,Presidential First Round,Chiana-Paga,Upper East,,,,"27,053",,"8,355",,,"18,698",,,,,,,,,,,,,,,,,,,,,,,,,,Nana A. Akuffo-Addo,,,John E. Atta-Mills,,,,,,,,,,,,,,,,,,,,,,,,,
2008_Re-election,Presidential First Round,Garu/Tempane,Upper East,,,,"33,453",,"11,881",,,"21,572",,,,,,,,,,,,,,,,,,,,,,,,,,Nana A. Akuffo-Addo,,,John E. Atta-Mills,,,,,,,,,,,,,,,,,,,,,,,,,
2008_Re-election,Presidential First Round,Nabdam,Upper East,,,,"10,646",,"4,105",,,"6,541",,,,,,,,,,,,,,,,,,,,,,,,,,Nana A. Akuffo-Addo,,,John E. Atta-Mills,,,,,,,,,,,,,,,,,,,,,,,,,
2008_Re-election,Presidential First Round,Navrongo Central,Upper East,,,,"30,955",,"14,092",,,"16,863",,,,,,,,,,,,,,,,,,,,,,,,,,Nana A. Akuffo-Addo,,,John E. Atta-Mills,,,,,,,,,,,,,,,,,,,,,,,,,
2008_Re-election,Presidential First Round,Pusiga,Upper East,,,,"17,395",,"4,399",,,"12,996",,,,,,,,,,,,,,,,,,,,,,,,,,Nana A. Akuffo-Addo,,,John E. Atta-Mills,,,,,,,,,,,,,,,,,,,,,,,,,
2008_Re-election,Presidential First Round,Talensi,Upper East,,,,"21,141",,"6,666",,,"14,475",,,,,,,,,,,,,,,,,,,,,,,,,,Nana A. Akuffo-Addo,,,John E. Atta-Mills,,,,,,,,,,,,,,,,,,,,,,,,,
2008_Re-election,Presidential First Round,Zebilla,Upper East,,,,"30,626",,"9,975",,,"20,651",,,,,,,,,,,,,,,,,,,,,,,,,,Nana A. Akuffo-Addo,,,John E. Atta-Mills,,,,,,,,,,,,,,,,,,,,,,,,,
2008_Re-election,Presidential First Round,Daffiama/Bussie/Issa,Upper West,,,,"10,084",,"3,754",,,"6,330",,,,,,,,,,,,,,,,,,,,,,,,,,Nana A. Akuffo-Addo,,,John E. Atta-Mills,,,,,,,,,,,,,,,,,,,,,,,,,
2008_Re-election,Presidential First Round,Jirapa,Upper West,,,,"20,686",,"5,430",,,"15,256",,,,,,,,,,,,,,,,,,,,,,,,,,Nana A. Akuffo-Addo,,,John E. Atta-Mills,,,,,,,,,,,,,,,,,,,,,,,,,
2008_Re-election,Presidential First Round,Lambussie,Upper West,,,,"11,323",,"4,418",,,"6,905",,,,,,,,,,,,,,,,,,,,,,,,,,Nana A. Akuffo-Addo,,,John E. Atta-Mills,,,,,,,,,,,,,,,,,,,,,,,,,
2008_Re-election,Presidential First Round,Lawra,Upper West,,,,"30,876",,"12,044",,,"18,832",,,,,,,,,,,,,,,,,,,,,,,,,,Nana A. Akuffo-Addo,,,John E. Atta-Mills,,,,,,,,,,,,,,,,,,,,,,,,,
2008_Re-election,Presidential First Round,Nadowli East,Upper West,,,,"10,084",,"3,754",,,"6,330",,,,,,,,,,,,,,,,,,,,,,,,,,Nana A. Akuffo-Addo,,,John E. Atta-Mills,,,,,,,,,,,,,,,,,,,,,,,,,
2008_Re-election,Presidential First Round,Nadowli West,Upper West,,,,"21,300",,"4,550",,,"16,750",,,,,,,,,,,,,,,,,,,,,,,,,,Nana A. Akuffo-Addo,,,John E. Atta-Mills,,,,,,,,,,,,,,,,,,,,,,,,,
2008_Re-election,Presidential First Round,Sissala East,Upper West,,,,"18,518",,"10,352",,,"8,166",,,,,,,,,,,,,,,,,,,,,,,,,,Nana A. Akuffo-Addo,,,John E. Atta-Mills,,,,,,,,,,,,,,,,,,,,,,,,,
2008_Re-election,Presidential First Round,Sissala West,Upper West,,,,"15,882",,"7,490",,,"8,392",,,,,,,,,,,,,,,,,,,,,,,,,,Nana A. Akuffo-Addo,,,John E. Atta-Mills,,,,,,,,,,,,,,,,,,,,,,,,,
2008_Re-election,Presidential First Round,Wa Central,Upper West,,,,"46,072",,"17,632",,,"28,440",,,,,,,,,,,,,,,,,,,,,,,,,,Nana A. Akuffo-Addo,,,John E. Atta-Mills,,,,,,,,,,,,,,,,,,,,,,,,,
2008_Re-election,Presidential First Round,Wa East,Upper West,,,,"21,986",,"10,573",,,"11,413",,,,,,,,,,,,,,,,,,,,,,,,,,Nana A. Akuffo-Addo,,,John E. Atta-Mills,,,,,,,,,,,,,,,,,,,,,,,,,
2008_Re-election,Presidential First Round,Wa West,Upper West,,,,"19,936",,"5,442",,,"14,494",,,,,,,,,,,,,,,,,,,,,,,,,,Nana A. Akuffo-Addo,,,John E. Atta-Mills,,,,,,,,,,,,,,,,,,,,,,,,,
2008_Re-election,Presidential First Round,Afadjato South,Volta,,,,"24,078",,"1,860",,,"22,218",,,,,,,,,,,,,,,,,,,,,,,,,,Nana A. Akuffo-Addo,,,John E. Atta-Mills,,,,,,,,,,,,,,,,,,,,,,,,,
2008_Re-election,Presidential First Round,Agotime Ziope,Volta,,,,"28,441",,"1,836",,,"26,605",,,,,,,,,,,,,,,,,,,,,,,,,,Nana A. Akuffo-Addo,,,John E. Atta-Mills,,,,,,,,,,,,,,,,,,,,,,,,,
2008_Re-election,Presidential First Round,Akan,Volta,,,,"23,566",,"6,765",,,"16,801",,,,,,,,,,,,,,,,,,,,,,,,,,Nana A. Akuffo-Addo,,,John E. Atta-Mills,,,,,,,,,,,,,,,,,,,,,,,,,
2008_Re-election,Presidential First Round,Akatsi South,Volta,,,,"39,860",,"2,644",,,"37,216",,,,,,,,,,,,,,,,,,,,,,,,,,Nana A. Akuffo-Addo,,,John E. Atta-Mills,,,,,,,,,,,,,,,,,,,,,,,,,
2008_Re-election,Presidential First Round,Anlo,Volta,,,,"37,535",,"1,328",,,"36,207",,,,,,,,,,,,,,,,,,,,,,,,,,Nana A. Akuffo-Addo,,,John E. Atta-Mills,,,,,,,,,,,,,,,,,,,,,,,,,
2008_Re-election,Presidential First Round,Avenor-Ave,Volta,,,,"39,860",,"2,644",,,"37,216",,,,,,,,,,,,,,,,,,,,,,,,,,Nana A. Akuffo-Addo,,,John E. Atta-Mills,,,,,,,,,,,,,,,,,,,,,,,,,
2008_Re-election,Presidential First Round,Biakoye,Volta,,,,"23,800",,"6,301",,,"17,499",,,,,,,,,,,,,,,,,,,,,,,,,,Nana A. Akuffo-Addo,,,John E. Atta-Mills,,,,,,,,,,,,,,,,,,,,,,,,,
2008_Re-election,Presidential First Round,Buem,Volta,,,,"19,283",,"4,012",,,"15,271",,,,,,,,,,,,,,,,,,,,,,,,,,Nana A. Akuffo-Addo,,,John E. Atta-Mills,,,,,,,,,,,,,,,,,,,,,,,,,
2008_Re-election,Presidential First Round,Central Tongu,Volta,,,,"25,260",,"3,580",,,"21,680",,,,,,,,,,,,,,,,,,,,,,,,,,Nana A. Akuffo-Addo,,,John E. Atta-Mills,,,,,,,,,,,,,,,,,,,,,,,,,
2008_Re-election,Presidential First Round,Ho Central,Volta,,,,"60,345",,"4,173",,,"56,172",,,,,,,,,,,,,,,,,,,,,,,,,,Nana A. Akuffo-Addo,,,John E. Atta-Mills,,,,,,,,,,,,,,,,,,,,,,,,,
2008_Re-election,Presidential First Round,Ho East,Volta,,,,"28,441",,"1,836",,,"26,605",,,,,,,,,,,,,,,,,,,,,,,,,,Nana A. Akuffo-Addo,,,John E. Atta-Mills,,,,,,,,,,,,,,,,,,,,,,,,,
2008_Re-election,Presidential First Round,Ho West,Volta,,,,"32,939",,"2,464",,,"30,475",,,,,,,,,,,,,,,,,,,,,,,,,,Nana A. Akuffo-Addo,,,John E. Atta-Mills,,,,,,,,,,,,,,,,,,,,,,,,,
2008_Re-election,Presidential First Round,Hohoe North,Volta,,,,"42,519",,"5,156",,,"37,363",,,,,,,,,,,,,,,,,,,,,,,,,,Nana A. Akuffo-Addo,,,John E. Atta-Mills,,,,,,,,,,,,,,,,,,,,,,,,,
2008_Re-election,Presidential First Round,Hohoe South,Volta,,,,"24,078",,"1,860",,,"22,218",,,,,,,,,,,,,,,,,,,,,,,,,,Nana A. Akuffo-Addo,,,John E. Atta-Mills,,,,,,,,,,,,,,,,,,,,,,,,,
2008_Re-election,Presidential First Round,Keta,Volta,,,,"34,750",,"1,057",,,"33,693",,,,,,,,,,,,,,,,,,,,,,,,,,Nana A. Akuffo-Addo,,,John E. Atta-Mills,,,,,,,,,,,,,,,,,,,,,,,,,
2008_Re-election,Presidential First Round,Ketu North,Volta,,,,"37,497",,"6,365",,,"31,132",,,,,,,,,,,,,,,,,,,,,,,,,,Nana A. Akuffo-Addo,,,John E. Atta-Mills,,,,,,,,,,,,,,,,,,,,,,,,,
2008_Re-election,Presidential First Round,Ketu South,Volta,,,,"72,010",,"3,415",,,"68,595",,,,,,,,,,,,,,,,,,,,,,,,,,Nana A. Akuffo-Addo,,,John E. Atta-Mills,,,,,,,,,,,,,,,,,,,,,,,,,
2008_Re-election,Presidential First Round,Kpando,Volta,,,,"37,090",,"3,626",,,"33,464",,,,,,,,,,,,,,,,,,,,,,,,,,Nana A. Akuffo-Addo,,,John E. Atta-Mills,,,,,,,,,,,,,,,,,,,,,,,,,
2008_Re-election,Presidential First Round,Krachi East,Volta,,,,"21,815",,"8,388",,,"13,427",,,,,,,,,,,,,,,,,,,,,,,,,,Nana A. Akuffo-Addo,,,John E. Atta-Mills,,,,,,,,,,,,,,,,,,,,,,,,,
2008_Re-election,Presidential First Round,Krachi West,Volta,,,,"34,275",,"11,663",,,"22,612",,,,,,,,,,,,,,,,,,,,,,,,,,Nana A. Akuffo-Addo,,,John E. Atta-Mills,,,,,,,,,,,,,,,,,,,,,,,,,
2008_Re-election,Presidential First Round,Nkwanta North,Volta,,,,"20,454",,"9,480",,,"10,974",,,,,,,,,,,,,,,,,,,,,,,,,,Nana A. Akuffo-Addo,,,John E. Atta-Mills,,,,,,,,,,,,,,,,,,,,,,,,,
2008_Re-election,Presidential First Round,Nkwanta South,Volta,,,,"31,318",,"11,419",,,"19,899",,,,,,,,,,,,,,,,,,,,,,,,,,Nana A. Akuffo-Addo,,,John E. Atta-Mills,,,,,,,,,,,,,,,,,,,,,,,,,
2008_Re-election,Presidential First Round,North Dayi,Volta,,,,"37,090",,"3,626",,,"33,464",,,,,,,,,,,,,,,,,,,,,,,,,,Nana A. Akuffo-Addo,,,John E. Atta-Mills,,,,,,,,,,,,,,,,,,,,,,,,,
2008_Re-election,Presidential First Round,North Tongu,Volta,,,,"34,006",,"2,370",,,"31,636",,,,,,,,,,,,,,,,,,,,,,,,,,Nana A. Akuffo-Addo,,,John E. Atta-Mills,,,,,,,,,,,,,,,,,,,,,,,,,
2008_Re-election,Presidential First Round,South Dayi,Volta,,,,"17,263",,"1,425",,,"15,838",,,,,,,,,,,,,,,,,,,,,,,,,,Nana A. Akuffo-Addo,,,John E. Atta-Mills,,,,,,,,,,,,,,,,,,,,,,,,,
2008_Re-election,Presidential First Round,South Tongu,Volta,,,,"34,968",,"2,846",,,"32,122",,,,,,,,,,,,,,,,,,,,,,,,,,Nana A. Akuffo-Addo,,,John E. Atta-Mills,,,,,,,,,,,,,,,,,,,,,,,,,
2008_Re-election,Presidential First Round,Ahanta West,Western,,,,"35,188",,"22,434",,,"12,754",,,,,,,,,,,,,,,,,,,,,,,,,,Nana A. Akuffo-Addo,,,John E. Atta-Mills,,,,,,,,,,,,,,,,,,,,,,,,,
2008_Re-election,Presidential First Round,Amenfi Central,Western,,,,"28,003",,"11,079",,,"16,924",,,,,,,,,,,,,,,,,,,,,,,,,,Nana A. Akuffo-Addo,,,John E. Atta-Mills,,,,,,,,,,,,,,,,,,,,,,,,,
2008_Re-election,Presidential First Round,Amenfi East,Western,,,,"35,922",,"19,608",,,"16,314",,,,,,,,,,,,,,,,,,,,,,,,,,Nana A. Akuffo-Addo,,,John E. Atta-Mills,,,,,,,,,,,,,,,,,,,,,,,,,
2008_Re-election,Presidential First Round,Amenfi West,Western,,,,"30,400",,"11,300",,,"19,100",,,,,,,,,,,,,,,,,,,,,,,,,,Nana A. Akuffo-Addo,,,John E. Atta-Mills,,,,,,,,,,,,,,,,,,,,,,,,,
2008_Re-election,Presidential First Round,Aowin,Western,,,,"34,540",,"13,501",,,"21,039",,,,,,,,,,,,,,,,,,,,,,,,,,Nana A. Akuffo-Addo,,,John E. Atta-Mills,,,,,,,,,,,,,,,,,,,,,,,,,
2008_Re-election,Presidential First Round,Bia,Western,,,,"47,019",,"12,966",,,"34,053",,,,,,,,,,,,,,,,,,,,,,,,,,Nana A. Akuffo-Addo,,,John E. Atta-Mills,,,,,,,,,,,,,,,,,,,,,,,,,
2008_Re-election,Presidential First Round,Bibiani-Anhwiaso-Bekwai,Western,,,,"48,906",,"24,438",,,"24,468",,,,,,,,,,,,,,,,,,,,,,,,,,Nana A. Akuffo-Addo,,,John E. Atta-Mills,,,,,,,,,,,,,,,,,,,,,,,,,
2008_Re-election,Presidential First Round,Effia Kwesimintim,Western,,,,"58,761",,"35,726",,,"23,035",,,,,,,,,,,,,,,,,,,,,,,,,,Nana A. Akuffo-Addo,,,John E. Atta-Mills,,,,,,,,,,,,,,,,,,,,,,,,,
2008_Re-election,Presidential First Round,Ellembele,Western,,,,"28,450",,"13,731",,,"14,719",,,,,,,,,,,,,,,,,,,,,,,,,,Nana A. Akuffo-Addo,,,John E. Atta-Mills,,,,,,,,,,,,,,,,,,,,,,,,,
2008_Re-election,Presidential First Round,Esikadu/Ketan,Western,,,,"34,414",,"20,656",,,"13,758",,,,,,,,,,,,,,,,,,,,,,,,,,Nana A. Akuffo-Addo,,,John E. Atta-Mills,,,,,,,,,,,,,,,,,,,,,,,,,
2008_Re-election,Presidential First Round,Evalue Gwira,Western,,,,"19,912",,"10,818",,,"9,094",,,,,,,,,,,,,,,,,,,,,,,,,,Nana A. Akuffo-Addo,,,John E. Atta-Mills,,,,,,,,,,,,,,,,,,,,,,,,,
2008_Re-election,Presidential First Round,Jomoro,Western,,,,"36,522",,"16,686",,,"19,836",,,,,,,,,,,,,,,,,,,,,,,,,,Nana A. Akuffo-Addo,,,John E. Atta-Mills,,,,,,,,,,,,,,,,,,,,,,,,,
2008_Re-election,Presidential First Round,Juaboso,Western,,,,"45,695",,"12,030",,,"33,665",,,,,,,,,,,,,,,,,,,,,,,,,,Nana A. Akuffo-Addo,,,John E. Atta-Mills,,,,,,,,,,,,,,,,,,,,,,,,,
2008_Re-election,Presidential First Round,Mpohor Wassa,Western,,,,"38,100",,"18,456",,,"19,644",,,,,,,,,,,,,,,,,,,,,,,,,,Nana A. Akuffo-Addo,,,John E. Atta-Mills,,,,,,,,,,,,,,,,,,,,,,,,,
2008_Re-election,Presidential First Round,Prestea/Huni-Valley,Western,,,,"52,286",,"24,446",,,"27,840",,,,,,,,,,,,,,,,,,,,,,,,,,Nana A. Akuffo-Addo,,,John E. Atta-Mills,,,,,,,,,,,,,,,,,,,,,,,,,
2008_Re-election,Presidential First Round,Sefwi Akontombra,Western,,,,"22,781",,"8,782",,,"13,999",,,,,,,,,,,,,,,,,,,,,,,,,,Nana A. Akuffo-Addo,,,John E. Atta-Mills,,,,,,,,,,,,,,,,,,,,,,,,,
2008_Re-election,Presidential First Round,Sefwi Wiawso,Western,,,,"43,634",,"16,699",,,"26,935",,,,,,,,,,,,,,,,,,,,,,,,,,Nana A. Akuffo-Addo,,,John E. Atta-Mills,,,,,,,,,,,,,,,,,,,,,,,,,
2008_Re-election,Presidential First Round,Sekondi,Western,,,,"26,722",,"16,232",,,"10,490",,,,,,,,,,,,,,,,,,,,,,,,,,Nana A. Akuffo-Addo,,,John E. Atta-Mills,,,,,,,,,,,,,,,,,,,,,,,,,
2008_Re-election,Presidential First Round,Shama,Western,,,,"29,920",,"14,373",,,"15,547",,,,,,,,,,,,,,,,,,,,,,,,,,Nana A. Akuffo-Addo,,,John E. Atta-Mills,,,,,,,,,,,,,,,,,,,,,,,,,
2008_Re-election,Presidential First Round,Suaman,Western,,,,"9,593",,"3,390",,,"6,203",,,,,,,,,,,,,,,,,,,,,,,,,,Nana A. Akuffo-Addo,,,John E. Atta-Mills,,,,,,,,,,,,,,,,,,,,,,,,,
2008_Re-election,Presidential First Round,Takoradi,Western,,,,"38,849",,"24,461",,,"14,388",,,,,,,,,,,,,,,,,,,,,,,,,,Nana A. Akuffo-Addo,,,John E. Atta-Mills,,,,,,,,,,,,,,,,,,,,,,,,,
2008_Re-election,Presidential First Round,Tarkwa-Nsuaem,Western,,,,"54,106",,"32,663",,,"21,443",,,,,,,,,,,,,,,,,,,,,,,,,,Nana A. Akuffo-Addo,,,John E. Atta-Mills,,,,,,,,,,,,,,,,,,,,,,,,,
